lga_code,volunteer_rating_percentage,lga_name,good_community_support_group_percentage,pleasant_community_environment_percentage,get_help_by_neighbour_percentage,active_community_percentage,attend_community_event_percentage,valued_by_society_percentage
20110,31.4,Alpine (S),73.3,98.1,66.7,93.7,77.4,57.5
20260,30.5,Ararat (RC),69.9,95.2,69.7,90.9,78.1,58.4
20570,22.2,Ballarat (C),73.1,97.2,56.8,85.9,69.1,56.9
20660,19.3,Banyule (C),61.0,97.4,62.4,81.9,53.1,52.9
20740,24.7,Bass Coast (S),62.1,95.6,60.9,88.6,74.5,55.6
20830,25.8,Baw Baw (S),65.2,93.8,64.2,90.7,69.5,53.6
20910,22.9,Bayside (C),73.8,98.3,61.2,86.6,59.0,62.3
21010,28.5,Benalla (RC),65.9,96.7,68.5,93.3,75.1,57.2
21110,25.1,Boroondara (C),73.2,98.4,49.6,82.9,58.3,58.7
21180,10.1,Brimbank (C),40.4,91.8,46.0,74.1,34.3,50.8
21270,46.1,Buloke (S),60.4,93.9,71.7,92.3,82.6,61.8
21370,27.5,Campaspe (S),73.8,94.9,65.7,95.0,76.4,53.8
21450,18.9,Cardinia (S),55.5,93.1,57.7,83.8,60.8,54.6
21610,13.3,Casey (C),55.0,94.5,48.9,73.2,45.3,48.6
21670,25.2,Central Goldfields (S),76.2,97.9,61.4,92.6,66.8,54.2
21750,26.5,Colac-Otway (S),76.8,97.5,68.1,94.1,80.1,57.3
21830,32.2,Corangamite (S),73.8,95.7,67.7,92.1,78.5,54.0
21890,15.7,Darebin (C),53.3,93.8,51.9,79.8,45.3,50.2
22110,27.6,East Gippsland (S),68.7,97.9,70.7,92.1,75.2,49.5
22170,15.0,Frankston (C),64.0,96.5,50.8,78.9,55.2,55.1
22250,35.7,Gannawarra (S),77.8,94.6,75.2,96.3,79.0,60.9
22310,20.0,Glen Eira (C),58.5,98.0,50.3,77.0,56.7,57.2
22410,31.1,Glenelg (S),72.2,95.2,69.1,94.4,76.9,57.6
22490,23.5,Golden Plains (S),55.2,94.4,64.7,86.9,63.9,58.9
22620,23.3,Greater Bendigo (C),67.6,96.3,57.2,87.1,65.1,47.8
22670,10.6,Greater Dandenong (C),46.3,91.3,44.6,72.5,33.9,43.2
22750,20.0,Greater Geelong (C),60.7,93.8,63.5,80.3,59.7,51.0
22830,21.6,Greater Shepparton (C),71.5,96.1,63.0,93.3,71.4,55.8
22910,30.2,Hepburn (S),65.1,96.6,58.8,91.5,70.6,52.9
22980,40.6,Hindmarsh (S),63.1,92.8,72.3,91.3,78.9,59.2
23110,15.6,Hobsons Bay (C),62.2,94.2,52.3,80.4,50.3,48.4
23190,32.6,Horsham (RC),79.5,95.3,73.4,94.7,69.9,63.6
23270,11.1,Hume (C),47.5,89.3,45.0,70.1,42.5,47.6
23350,33.2,Indigo (S),68.6,96.9,73.5,94.0,78.9,61.4
23430,16.4,Kingston (C),61.0,97.4,56.9,84.8,55.2,55.2
23670,17.8,Knox (C),61.6,95.4,49.6,75.7,51.1,48.1
23810,19.5,Latrobe (C),64.5,94.1,57.6,87.5,64.3,48.2
23940,37.3,Loddon (S),56.2,92.1,68.7,90.3,72.6,56.1
24130,25.8,Macedon Ranges (S),60.4,98.3,60.6,90.9,64.1,55.5
24210,18.6,Manningham (C),69.8,98.6,58.0,84.0,52.7,56.3
24250,31.8,Mansfield (S),81.3,97.5,67.2,96.1,79.7,63.1
24330,15.0,Maribyrnong (C),60.4,90.3,43.6,80.9,52.6,51.7
24410,20.3,Maroondah (C),64.5,96.5,52.7,73.7,51.4,50.1
24600,21.2,Melbourne (C),59.1,97.0,40.2,79.2,57.7,59.2
24650,11.5,Melton (C),54.5,92.0,55.8,75.4,47.0,48.0
24780,22.3,Mildura (RC),73.4,95.8,59.9,87.7,65.2,47.5
24850,21.0,Mitchell (S),56.9,95.0,62.4,81.9,61.0,46.5
24900,26.7,Moira (S),66.0,93.7,72.7,91.9,69.5,53.6
24970,18.2,Monash (C),59.0,93.1,55.9,76.6,44.2,53.3
25060,16.7,Moonee Valley (C),65.8,98.4,55.0,82.0,51.9,52.5
25150,21.9,Moorabool (S),60.9,92.7,67.1,88.7,62.6,56.4
25250,15.7,Moreland (C),54.5,94.2,48.5,80.3,52.6,54.2
25340,20.2,Mornington Peninsula (S),67.4,97.6,53.0,89.5,68.4,50.4
25430,33.7,Mount Alexander (S),72.3,95.2,63.2,95.2,80.6,60.4
25490,33.5,Moyne (S),64.0,95.6,70.5,90.8,78.8,53.7
25620,31.9,Murrindindi (S),60.3,89.8,69.7,91.1,74.8,58.2
25710,22.9,Nillumbik (S),72.8,96.1,57.8,91.4,67.5,66.3
25810,29.9,Northern Grampians (S),71.6,97.4,68.1,93.5,71.7,59.9
25900,20.2,Port Phillip (C),60.1,97.3,42.2,82.7,64.4,50.1
25990,31.7,Pyrenees (S),59.7,94.7,68.2,90.6,76.7,54.0
26080,38.8,Queenscliffe (B),84.8,98.6,69.9,95.5,83.8,60.8
26170,31.5,South Gippsland (S),66.1,96.8,69.5,91.3,76.5,56.8
26260,34.3,Southern Grampians (S),75.8,95.0,72.4,93.1,83.1,59.8
26350,21.7,Stonnington (C),62.1,97.3,46.8,78.1,50.8,53.7
26430,31.3,Strathbogie (S),69.9,94.8,79.4,94.2,78.5,57.6
26490,28.6,Surf Coast (S),70.2,98.2,59.7,94.6,81.0,58.5
26610,28.4,Swan Hill (RC),58.2,92.7,71.2,91.4,73.1,57.1
26670,40.5,Towong (S),63.4,96.0,77.0,91.9,80.7,61.8
26700,26.9,Wangaratta (RC),79.6,97.4,67.0,94.4,70.6,58.3
26730,25.8,Warrnambool (C),82.9,97.9,62.0,91.8,67.9,59.6
26810,26.4,Wellington (S),70.2,97.1,57.9,89.3,60.1,50.2
26890,45.0,West Wimmera (S),67.0,96.2,74.0,93.0,84.7,61.6
26980,22.1,Whitehorse (C),69.7,97.5,57.6,82.0,59.9,53.0
27070,10.5,Whittlesea (C),47.8,92.3,51.0,76.4,39.7,53.9
27170,21.8,Wodonga (RC),75.7,98.3,59.4,91.7,65.0,52.1
27260,13.1,Wyndham (C),54.1,89.9,50.5,77.3,41.6,48.5
27350,22.4,Yarra (C),63.9,92.7,43.9,82.8,60.2,61.1
27450,21.4,Yarra Ranges (S),63.6,94.9,60.2,86.7,60.0,50.5
27630,42.5,Yarriambiack (S),62.2,94.9,72.1,93.4,79.6,57.7
